STATE,STATE NAME,STATE OF REOPENING,NEW GATING SCORE,GATING SCORE COLOR,GATING SCORE,14-DAY TREND FOR COVID+,14-DAY TREND OF COVID+,14-DAY CHANGE IN COVID+,Rt**,SCORE,NORMALIZED,PROGRESS ON INTERVENTIONS,GRADE,CURVE,CURVED GRADE,TOTAL TESTS,% OF TESTING TARGET*,TOTAL COVID+,CASES-T-29,CASES-T-28,CASES-T-27,CASES-T-26,CASES-T-25,CASES-T-24,CASES-T-23,CASES-T-22,CASES-T-21,CASES-T-20,CASES-T-19,CASES-T-18,CASES-T-17,CASES-T-16,CASES-T-15,CASES-T-14,CASES-T-13,CASES-T-12,CASES-T-11,CASES-T-10,CASES-T-9,CASES-T-8,CASES-T-7,CASES-T-6,CASES-T-5,CASES-T-4,CASES-T-3,CASES-T-2,CASES-T-1,CASES-T-0,TOTAL DEATHS,MISSING ACTIONS,INFLUENZA-LIKE ILLNESS,GATING-CRITERIA-ILI,TESTS CONDUCTED (7-DAY AVG),TESTS-T-14,TESTS-T-13,TESTS-T-12,TESTS-T-11,TESTS-T-10,TESTS-T-09,TESTS-T-08,TESTS-T-07,TESTS-T-06,TESTS-T-05,TESTS-T-04,TESTS-T-03,TESTS-T-02,TESTS-T-01,TESTS-T-0,% OF TEST TARGET (US: 500K/DAY),TEST TARGET - 500K - COLOR,% OF TARGET (US: 4M/DAY),% OF TEST TARGET (INCIDENCE ADJUSTED),TEST TARGET (INCIDENT ADJUSTED),GATING CRITERIA TESTS,% POSITIVE (7-DAY AVG),POSITIVITY IS,CASE-DOUBLING-DAYS,POSITIVITY-13,POSITIVITY-12,POSITIVITY-11,POSITIVITY-10,POSITIVITY-09,POSITIVITY-08,POSITIVITY-07,POSITIVITY-06,POSITIVITY-05,POSITIVITY-04,POSITIVITY-03,POSITIVITY-02,POSITIVITY-01,POSITIVITY-00,POSITIVITY,POSITIVITY-GRADE,% OF ICU,ICU OCCUPIED,ICU COLOR,BEDS OCCUPIED,BED COLOR,RT RANGE (90% CI),DOUBLING TIME (DAYS),DEATHS-13,DEATHS-12,DEATHS-11,DEATHS-10,DEATHS-09,DEATHS-08,DEATHS-07,DEATHS-06,DEATHS-05,DEATHS-04,DEATHS-03,DEATHS-02,DEATHS-01,DEATHS-00,NEW CASES PER MILLION PER DAY,DAILY INCIDENTS PER MILLION COLOR,CURRENTLY HOSPITALIZED PER MILLION,HOSPITALIZED-13,HOSPITALIZED-12,HOSPITALIZED-11,HOSPITALIZED-10,HOSPITALIZED-09,HOSPITALIZED-08,HOSPITALIZED-07,HOSPITALIZED-06,HOSPITALIZED-05,HOSPITALIZED-04,HOSPITALIZED-03,HOSPITALIZED-02,HOSPITALIZED-01,HOSPITALIZED-00,CURRENTLY HOSPITALIZED TREND,HOSPITALIZED TREND COLOR,CASE FATALITY RATE,CASE FATALITY RATE COLOR,CONTACT TRACING POSSIBLE?,CONTACT TRACING COLOR,COVID+ RATE IS
Alabama,Alabama ðŸ˜·,N/A,Bruised Red,Red,3,Decreasing,-11% ^Decreasing^,-11%,153,82,53,53%,F,75,C,722301,110%,93702,1100,1106,1143,1295,1235,1298,1376,1524,1639,1729,1702,1798,1898,1918,1907,1872,1821,1875,1845,1842,1755,1746,1715,1710,1650,1674,1603,1736,1649,1619,1666,Improve COVID case information being reported on state website.  Consider a more restrictive gatherings policy.  Restrict or quarantine travelers from locations with community transmission.  Require masks to be worn in public spaces.  Provide insurance coverage for COVID-19 treatment.,Minimal ^Level 1^,Green,8129,10185,9777,9774,9410,9588,9165,9167,9288,8398,8654,8640,7966,8055,8013,8129,110%,Green,14%,15.00%,53441,Bruised Red,19.90%,19.9% ^Increasing^,38,18.62%,19.18%,19.61%,19.21%,19.15%,19.05%,18.47%,20.36%,19.07%,19.37%,20.12%,21.55%,20.58%,19.92%,19.92%,Bruised Red,89,89% ^Severely constrained^,Severely constrained,75% ^Elevated^,Elevated,0.8 - 1.3,38,21.86,23.86,24.71,24.29,26.57,28.57,26.86,24.86,24,20.29,21,22,20.29,25,330,Bruised Red,309,316,316,320,291,307,326,326,326,325,326,303,312,309,309,-2% ^Decreasing^,Green,1.78%,Yellow,Unlikely ^Positivity high^,Deep Red,19.9% ^Increasing^
Alaska,Alaska,N/A,Bruised Red,Red,3,Decreasing,-22% ^Decreasing^,-22%,153,107,69,69%,D,98,A,252649,503%,4125,33,35,35,36,37,39,49,57,56,58,109,108,111,114,125,135,141,93,95,101,118,113,118,118,125,133,137,126,123,111,25,Improve COVID case information being reported on state website.  Require masks to be worn in public spaces.  Provide insurance coverage for COVID-19 treatment.,Insufficient Data ^Level 0^,Green,5539,4165,4177,3784,5023,5243,4893,4540,5036,5476,5078,4648,4795,5118,5491,5539,503%,Green,63%,152.00%,3654,Green,2.00%,2.0% ^Decreasing^,23,3.38%,2.46%,1.90%,1.93%,2.41%,2.49%,2.34%,2.15%,2.46%,2.86%,2.86%,2.46%,2.23%,2.00%,2.00%,Green,44,44% ^Normal^,Normal,33% ^Normal^,Normal,0.9 - 1.3,23,0.29,0.29,0.29,0.29,0.29,0.43,0.57,0.43,0.57,0.57,0.57,0.57,0.57,0.43,151,Bruised Red,45,46,49,51,52,59,52,60,62,62,55,51,53,52,45,-3% ^Decreasing^,Green,0.61%,Green,Possible ^Positivity low^,Green,2.0% ^Decreasing^
Arizona,Arizona,N/A,Bruised Red,Red,3,Decreasing,-24% ^Decreasing^,-24%,160,92,60,60%,F,84,B,971244,105%,180505,3844,3697,3503,3607,3576,3625,3483,3198,3286,3249,3135,3090,3048,3022,3051,2941,2751,2619,2540,2682,2627,2663,2464,2523,2551,2530,2423,2350,2239,2082,3845,Improve COVID case information being reported on state website.  Consider a more restrictive gatherings policy.  Require masks to be worn in public spaces.  Provide insurance coverage for COVID-19 treatment.,Minimal ^Level 1^,Green,11473,12246,11146,10492,10264,12231,11589,12116,11895,12493,12936,13847,13006,12761,12298,11473,105%,Green,13%,17.00%,68692,Bruised Red,18.10%,18.1% ^Decreasing^,58,24.68%,24.96%,24.74%,21.93%,22.67%,21.98%,20.72%,20.20%,19.72%,18.27%,18.63%,18.42%,18.20%,18.14%,18.14%,Bruised Red,80,80% ^Elevated^,Elevated,84% ^Constrained^,Constrained,0.7 - 1.1,58,77.14,81.57,79.86,79.43,77.71,74.29,70,68.57,80.43,78.86,65.86,65.71,67.86,62.43,286,Bruised Red,278,425,407,391,379,364,361,352,333,323,316,306,295,277,278,-35% ^Decreasing^,Green,2.13%,Yellow,Unlikely ^Positivity high^,Deep Red,18.1% ^Decreasing^
Arkansas,Arkansas ðŸ˜·,N/A,Bruised Red,Red,3,Increasing,5% ^Increasing^,5%,154,42,27,27%,F,39,F,533899,138%,45381,571,534,474,568,597,513,737,669,746,826,723,708,708,595,713,703,707,735,784,784,870,789,789,817,786,752,846,650,736,743,490,Improve COVID case information being reported on state website.  Consider a more restrictive stay home policy.  Require a statewide six-feet physical distancing policy.  Consider a more restrictive gatherings policy.  Close non-essential businesses.  Restrict or quarantine travelers from locations with community transmission.  Require masks to be worn in public spaces.  Provide insurance coverage for COVID-19 treatment.,Minimal ^Level 1^,Green,6285,7048,6350,6503,7710,6923,8299,7439,7182,7911,8034,6001,7588,5331,6073,6285,138%,Green,17%,26.00%,24514,Bruised Red,11.80%,11.8% ^Increasing^,40,11.13%,11.30%,10.17%,11.32%,10.48%,10.60%,10.99%,10.33%,9.78%,12.53%,11.15%,12.19%,12.12%,11.82%,11.82%,Bruised Red,68,68% ^Normal^,Normal,65% ^Normal^,Normal,0.8 - 1.3,40,6.43,6.43,5.86,5.86,6.29,7.29,7.71,7.71,8,8.43,9.43,8.14,9.57,8.86,246,Bruised Red,174,157,159,165,165,159,162,166,168,168,168,168,165,170,174,11% ^Increasing^,Red,1.08%,Yellow,Unlikely ^Positivity high^,Deep Red,11.8% ^Increasing^
California,California ðŸ˜·,N/A,Bruised Red,Red,3,Decreasing,-20% ^Decreasing^,-20%,160,97,63,63%,D,89,B,8305713,213%,519427,7490,7006,7618,7707,8009,7851,7831,8211,8391,8309,8526,8838,9003,9127,8911,9180,9420,9920,9881,10005,9852,9859,9397,8818,8555,8322,7819,7929,7764,7554,9501,Improve COVID case information being reported on state website.  Restrict or quarantine travelers from locations with community transmission.  Require masks to be worn in public spaces.  Provide insurance coverage for COVID-19 treatment.,Minimal ^Level 1^,Green,126835,123140,124449,123257,124540,125734,125898,126037,125848,121864,122219,127881,119890,123977,126874,126835,213%,Green,27%,51.00%,249277,Red,6.00%,6.0% ^Decreasing^,45,7.57%,8.05%,7.93%,7.96%,7.83%,7.82%,7.47%,7.24%,7.00%,6.51%,6.52%,6.40%,6.12%,5.96%,5.96%,Yellow,72,72% ^Elevated^,Elevated,70% ^Normal^,Normal,0.7 - 1.1,45,91.86,97.43,101.57,106,104.43,107.29,109,120.71,126,117,126.71,134.29,134.71,140.43,191,Bruised Red,193,223,223,223,223,223,223,210,214,207,202,196,196,193,193,-13% ^Decreasing^,Green,1.83%,Yellow,Extremely Difficult ^Resource intensive^,Red,6.0% ^Decreasing^
Colorado,Colorado ðŸ˜·,N/A,Bruised Red,Yellow,3,Flat,1% ^Flat^,1%,160,95,62,62%,D,87,B,552003,85%,47968,251,249,278,298,310,367,389,407,426,432,434,457,450,457,461,475,482,506,513,519,572,599,571,608,585,556,547,497,483,486,1710,Improve COVID case information being reported on state website.  Restrict or quarantine travelers from locations with community transmission.  Increase your state's testing throughput.  Require masks to be worn in public spaces.  Provide insurance coverage for COVID-19 treatment.,Minimal ^Level 1^,Green,7368,6621,6773,7028,6647,6994,7780,7946,7019,7825,7752,7924,7666,7168,7061,7368,85%,Yellow,11%,46.00%,16043,Bruised Red,6.60%,6.6% ^Decreasing^,66,7.11%,7.20%,7.71%,7.43%,7.35%,7.54%,8.14%,7.77%,7.55%,7.01%,7.14%,6.93%,6.84%,6.60%,6.60%,Yellow,56,56% ^Normal^,Normal,58% ^Normal^,Normal,0.8 - 1.3,66,7,6,4.29,6.57,6.57,6.57,7.57,5.14,6.43,6.57,4.29,4.29,4.29,6,84,Red,59,65,61,62,62,59,63,62,61,59,61,61,58,53,59,-9% ^Decreasing^,Green,3.56%,Yellow,Extremely Difficult ^Resource intensive^,Red,6.6% ^Decreasing^
Connecticut,Connecticut ðŸ˜·,N/A,Yellow,Red,1,Increasing,76% ^Increasing^,76%,158,87,56,56%,F,80,B,836271,222%,50110,88,74,77,80,81,81,81,76,71,75,77,87,87,87,78,81,84,69,126,126,126,133,140,188,205,148,148,148,154,148,4437,Improve COVID case information being reported on state website.  Consider a more restrictive gatherings policy.  Restrict or quarantine travelers from locations with community transmission.  Require masks to be worn in public spaces.  Provide insurance coverage for COVID-19 treatment.,Minimal ^Level 1^,Green,11940,8408,8412,8278,11872,11872,7992,11751,12836,13053,12977,11561,11561,11561,12019,11940,222%,Green,28%,222.00%,5371,Green,1.20%,1.2% ^Increasing^,233,1.00%,0.83%,1.06%,1.06%,1.58%,1.13%,1.09%,1.44%,1.58%,1.28%,1.28%,1.28%,1.28%,1.24%,1.24%,Green,45,45% ^Normal^,Normal,67% ^Normal^,Normal,0.8 - 1.2,233,3.71,3,2.43,2.43,2.43,1.71,2.43,2.71,3,2.71,2.71,2.71,2.71,2,41,Yellow,17,18,20,20,20,20,17,15,15,19,19,19,19,16,17,-5% ^Decreasing^,Green,8.85%,Red,Possible ^Positivity low^,Green,1.2% ^Increasing^
Delaware,Delaware ðŸ˜·,N/A,Red,Yellow,2,Decreasing,-11% ^Decreasing^,-11%,155,92,60,60%,F,84,B,189308,143%,15137,131,134,136,114,104,107,97,84,79,84,83,98,98,102,91,111,106,116,124,107,110,127,104,116,109,84,100,94,93,94,587,Improve COVID case information being reported on state website.  Consider a more restrictive gatherings policy.  Require masks to be worn in public spaces.  Provide insurance coverage for COVID-19 treatment.,Minimal ^Level 1^,Green,2098,2392,2292,2497,2245,2309,2428,2866,2325,2512,2359,2389,2282,2131,2086,2098,143%,Green,18%,67.00%,3116,Red,4.50%,4.5% ^Flat^,109,4.62%,4.63%,5.50%,4.61%,4.54%,4.42%,4.49%,4.61%,4.63%,3.50%,4.39%,4.42%,4.45%,4.50%,4.50%,Yellow,74,74% ^Elevated^,Elevated,74% ^Elevated^,Elevated,0.7 - 1.1,109,0.86,1.14,8.14,8,8,8,7.86,7.71,7.43,1,0.86,0.86,0.86,1,97,Red,43,63,58,56,56,59,65,64,70,71,47,46,44,41,43,-31% ^Decreasing^,Green,3.88%,Yellow,Difficult ^Positivity makes it challenging^,Yellow,4.5% ^Flat^
District of Columbia,District of Columbia ðŸ˜·,N/A,Red,Yellow,2,Decreasing,-10% ^Decreasing^,-10%,158,89,58,58%,F,82,B,200127,297%,12398,32,35,40,41,44,51,52,56,54,55,57,53,56,59,62,69,72,71,76,75,74,74,74,67,69,68,70,71,65,65,587,Improve COVID case information being reported on state website.  Consider a more restrictive gatherings policy.  Restrict or quarantine travelers from locations with community transmission.  Require masks to be worn in public spaces.,Insufficient Data ^Level 0^,Green,3158,3114,3090,3111,3379,3436,3405,3201,3187,2925,2996,3354,3539,3656,3524,3158,297%,Green,37%,148.00%,2136,Green,2.10%,2.0% ^Decreasing^,130,2.33%,2.27%,2.26%,2.17%,2.18%,2.32%,2.32%,2.30%,2.32%,2.03%,1.97%,1.93%,1.84%,2.05%,2.05%,Green,60,60% ^Normal^,Normal,74% ^Elevated^,Elevated,0.8 - 1.2,130,1.29,1,0.57,0.43,0.43,0.43,0.43,0.57,0.43,0.57,0.57,0.71,0.57,0.57,92,Red,142,115,129,137,137,120,145,150,118,123,122,142,145,147,142,23% ^Increasing^,Red,4.73%,Yellow,Possible ^Positivity low^,Green,2.0% ^Decreasing^
Florida,Florida,N/A,Bruised Red,Red,3,Decreasing,-29% ^Decreasing^,-29%,161,92,60,60%,F,84,B,3784458,134%,497330,8587,8766,9255,9087,9365,9208,9957,10855,11119,11147,11865,11870,11865,11462,11137,11172,11116,10585,10724,10992,10544,10336,10306,10258,10216,9725,9360,9040,8448,7908,7526,Improve COVID case information being reported on state website.  Consider a more restrictive gatherings policy.  Require masks to be worn in public spaces.  Provide insurance coverage for COVID-19 treatment.,Minimal ^Level 2^,Green,43451,59215,59823,56475,56553,57770,54837,54199,54364,53151,52596,50207,49009,47785,45900,43451,134%,Green,17%,17.00%,260950,Bruised Red,18.20%,18.2% ^Flat^,41,18.58%,18.74%,18.96%,19.03%,19.23%,19.07%,18.96%,19.30%,19.42%,19.37%,19.10%,18.92%,18.41%,18.20%,18.20%,Bruised Red,80,80% ^Elevated^,Elevated,57% ^Normal^,Normal,0.8 - 1.2,41,119,121.43,122.29,127.43,125.86,123.71,131.57,142.57,153.86,171.14,178.57,176.29,175.71,183.71,368,Bruised Red,366,441,439,428,421,417,424,419,406,391,382,376,370,370,366,-17% ^Decreasing^,Green,1.51%,Yellow,Unlikely ^Positivity high^,Deep Red,18.2% ^Flat^
Georgia,Georgia,N/A,Bruised Red,Red,3,Decreasing,-6% ^Decreasing^,-6%,159,77,50,50%,F,71,C,1664412,158%,197948,2521,2740,2808,2717,2960,3012,3059,3358,3356,3421,3507,3425,3639,3742,3572,3575,3495,3616,3745,3617,3547,3610,3723,3717,3671,3564,3546,3603,3513,3271,3842,Improve COVID case information being reported on state website.  Consider a more restrictive gatherings policy.  Close non-essential businesses.  Restrict or quarantine travelers from locations with community transmission.  Require masks to be worn in public spaces.  Provide insurance coverage for COVID-19 treatment.,Minimal ^Level 3^,Green,25298,23465,23123,22674,26252,25148,24804,25597,27434,27946,29207,27463,26892,27956,27634,25298,158%,Green,20%,23.00%,107938,Bruised Red,12.90%,12.9% ^Decreasing^,39,15.12%,15.95%,14.27%,14.38%,14.30%,14.10%,13.57%,13.30%,12.57%,12.98%,13.19%,12.89%,12.71%,12.93%,12.93%,Bruised Red,91,91% ^Severely constrained^,Severely constrained,77% ^Elevated^,Elevated,0.7 - 1.1,39,34.86,36.57,44.29,46.71,46.43,47.57,44.14,43.86,44.43,44.29,47.14,48.86,47.57,39.86,308,Bruised Red,291,299,297,295,291,290,300,297,300,301,297,292,289,293,291,-3% ^Decreasing^,Green,1.94%,Yellow,Unlikely ^Positivity high^,Deep Red,12.9% ^Decreasing^
Hawaii,Hawaii,N/A,Red,Red,2,Increasing,379% ^Increasing^,379%,157,92,60,60%,F,84,B,130712,96%,2448,18,19,22,24,26,26,29,28,30,28,28,26,25,22,23,21,22,20,26,31,38,43,45,48,61,71,80,82,80,105,26,Improve COVID case information being reported on state website.  Consider a more restrictive gatherings policy.  Require masks to be worn in public spaces.  Provide insurance coverage for COVID-19 treatment.,Minimal ^Level 1^,Green,2046,1530,1518,1347,1441,1399,1345,1166,1372,1340,1486,1440,1494,1798,1881,2046,96%,Yellow,12%,59.00%,3474,Red,5.10%,5.1% ^Increasing^,14,1.45%,1.52%,1.77%,2.19%,2.82%,3.70%,3.31%,3.62%,4.14%,4.95%,5.37%,4.58%,4.25%,5.14%,5.14%,Yellow,54,54% ^Normal^,Normal,68% ^Normal^,Normal,1.0 - 1.6,14,0.29,0.43,0.57,0.43,0.29,0.29,0.29,0.29,0.14,0,0,0,0,0,74,Yellow,43,33,28,28,20,20,18,28,33,43,43,43,43,43,43,30% ^Increasing^,Red,1.06%,Yellow,Extremely Difficult ^Resource intensive^,Red,5.1% ^Increasing^
Idaho,Idaho,N/A,Bruised Red,Red,3,Decreasing,-27% ^Decreasing^,-27%,152,106,69,69%,D,97,A,187778,91%,21675,345,329,346,371,405,419,448,453,479,454,497,529,546,542,567,552,586,554,515,502,504,472,490,486,480,501,494,470,452,426,200,Improve COVID case information being reported on state website.  Increase your state's testing throughput.  Require masks to be worn in public spaces.  Provide insurance coverage for COVID-19 treatment.,Minimal ^Level 3^,Green,2437,2970,2865,2852,2839,2991,2863,2872,2807,2724,2670,2702,2633,2582,2478,2437,91%,Yellow,11%,17.00%,14053,Bruised Red,17.50%,17.5% ^Decreasing^,33,20.46%,19.42%,18.13%,16.78%,17.59%,16.43%,17.45%,17.83%,17.96%,18.55%,18.75%,18.19%,18.26%,17.47%,17.47%,Bruised Red,61,61% ^Normal^,Normal,44% ^Normal^,Normal,0.8 - 1.2,33,3.29,3.57,3.43,3.71,3.86,3.86,4.29,4.86,5.43,5.57,6.43,7.29,7.29,6.86,238,Bruised Red,59,105,105,114,114,114,114,117,117,132,132,134,134,134,59,-44% ^Decreasing^,Green,0.92%,Green,Unlikely ^Positivity high^,Deep Red,17.5% ^Decreasing^
Illinois,Illinois ðŸ˜·,N/A,Red,Red,2,Increasing,27% ^Increasing^,27%,161,97,63,63%,D,89,B,2850676,209%,185993,782,762,784,805,861,909,954,992,1009,1039,1073,1087,1099,1100,1142,1177,1236,1288,1313,1334,1417,1425,1442,1413,1434,1488,1519,1508,1518,1574,7742,Improve COVID case information being reported on state website.  Restrict or quarantine travelers from locations with community transmission.  Require masks to be worn in public spaces.  Provide insurance coverage for COVID-19 treatment.,Minimal ^Level 1^,Green,39853,38208,38418,37947,38042,36913,38160,37585,37383,37176,37380,38155,38385,38113,37815,39853,209%,Green,26%,77.00%,51951,Yellow,3.90%,4.0% ^Increasing^,79,3.22%,3.39%,3.45%,3.61%,3.71%,3.79%,3.86%,3.80%,3.84%,3.90%,3.96%,3.96%,4.01%,3.95%,3.95%,Yellow,52,52% ^Normal^,Normal,61% ^Normal^,Normal,0.9 - 1.3,79,16.14,15.43,16,15.14,14.57,16.29,17.29,16.29,15.71,16.43,15.86,17.71,16.43,14.86,124,Red,118,115,116,116,113,110,112,109,118,115,108,106,111,112,118,3% ^Increasing^,Red,4.16%,Yellow,Difficult ^Positivity makes it challenging^,Yellow,4.0% ^Increasing^
Indiana,Indiana ðŸ˜·,N/A,Bruised Red,Red,3,Increasing,5% ^Increasing^,5%,158,97,63,63%,D,89,B,785018,96%,69255,443,433,444,455,484,521,515,529,580,615,644,645,654,708,738,747,758,789,826,838,829,814,823,804,807,794,800,784,789,797,2996,Improve COVID case information being reported on state website.  Restrict or quarantine travelers from locations with community transmission.  Require masks to be worn in public spaces.  Provide insurance coverage for COVID-19 treatment.,Minimal ^Level 1^,Green,9744,9485,9689,10104,10588,10831,10633,10304,10286,9975,9938,9805,9762,9676,9670,9744,96%,Yellow,12%,37.00%,26292,Bruised Red,8.20%,8.2% ^Flat^,58,7.82%,7.81%,7.81%,7.74%,7.79%,7.90%,8.00%,8.06%,8.12%,8.10%,8.20%,8.10%,8.16%,8.18%,8.18%,Red,64,64% ^Normal^,Normal,57% ^Normal^,Normal,0.8 - 1.2,58,11.14,12.14,11.57,10.71,11.57,11.57,11.14,9.86,9.43,11.57,10.86,10.29,10.57,10.29,118,Red,146,129,129,126,122,124,124,135,124,123,128,145,130,134,146,13% ^Increasing^,Red,4.33%,Yellow,Extremely Difficult ^Resource intensive^,Red,8.2% ^Flat^
Iowa,Iowa,N/A,Bruised Red,Yellow,3,Decreasing,-7% ^Decreasing^,-7%,157,46,30,30%,F,42,F,490371,99%,46042,411,432,437,433,508,515,531,553,546,540,556,534,466,522,520,518,500,500,507,538,497,484,472,498,486,473,472,470,470,466,888,Improve COVID case information being reported on state website.  Consider a more restrictive stay home policy.  Require a statewide six-feet physical distancing policy.  Consider a more restrictive gatherings policy.  Close non-essential businesses.  Restrict or quarantine travelers from locations with community transmission.  Increase your state's testing throughput.  Require masks to be worn in public spaces.  Provide insurance coverage for COVID-19 treatment.,Minimal ^Level 1^,Green,4705,6004,5589,5691,5631,6076,5015,5186,5000,5182,4687,4648,4672,4788,4519,4705,99%,Yellow,12%,31.00%,15392,Bruised Red,9.90%,9.9% ^Increasing^,66,8.95%,8.79%,9.00%,8.85%,9.90%,9.33%,9.44%,9.60%,10.37%,10.18%,10.10%,9.82%,10.39%,9.91%,9.91%,Bruised Red,59,59% ^Normal^,Normal,55% ^Normal^,Normal,0.8 - 1.2,66,6.57,5.71,5.57,5.57,4.71,5.14,5.29,5.43,5.57,6.29,6.57,7,7,7,148,Red,77,71,74,73,70,72,76,80,78,75,71,77,73,76,77,8% ^Increasing^,Red,1.93%,Yellow,Extremely Difficult ^Resource intensive^,Red,9.9% ^Increasing^
Kansas,Kansas ðŸ˜·,N/A,Bruised Red,Yellow,3,Decreasing,-15% ^Decreasing^,-15%,158,88,57,57%,F,81,B,301839,75%,28876,351,351,375,375,385,385,385,451,451,474,474,479,479,479,468,468,453,453,449,449,449,405,405,395,395,386,386,386,386,386,365,Improve COVID case information being reported on state website.  Consider a more restrictive gatherings policy.  Close restaurants except for takeout and delivery.  Increase your state's testing throughput.  Require masks to be worn in public spaces.  Provide insurance coverage for COVID-19 treatment.,Minimal ^Level 3^,Green,3272,4337,4187,4187,4088,4088,4088,2486,2486,2323,2323,2077,2077,2077,3272,3272,75%,Red,9%,26.00%,12747,Bruised Red,11.80%,11.8% ^Increasing^,49,10.82%,10.82%,10.99%,10.99%,10.99%,16.31%,16.31%,17.01%,17.01%,18.59%,18.59%,18.59%,11.81%,11.81%,11.81%,Bruised Red,74,74% ^Elevated^,Elevated,59% ^Normal^,Normal,0.8 - 1.3,49,1.29,1.29,3.86,3.86,3.86,4,4,5.86,5.86,4.57,4.57,4.57,4.29,4.29,133,Red,80,,,,108,108,73,73,135,135,126,126,126,80,80,------ ^Not enough data^,Red,1.26%,Yellow,Unlikely ^Positivity high^,Deep Red,11.8% ^Increasing^
Kentucky,Kentucky ðŸ˜·,N/A,Bruised Red,Red,3,Increasing,5% ^Increasing^,5%,159,106,69,69%,D,97,A,607855,106%,32197,258,271,297,309,328,392,430,357,386,394,405,419,438,539,537,548,552,581,618,654,560,598,581,598,606,603,566,587,558,582,751,Improve COVID case information being reported on state website.  Increase your state's testing throughput.  Require masks to be worn in public spaces.  Provide insurance coverage for COVID-19 treatment.,Minimal ^Level 1^,Green,7163,7591,8555,8113,7202,7340,7025,7614,7003,7038,7787,7764,7870,7891,7549,7163,106%,Green,13%,37.00%,19192,Bruised Red,8.10%,8.1% ^Increasing^,36,6.45%,7.16%,8.58%,8.91%,7.97%,7.86%,8.29%,8.50%,7.78%,7.76%,7.19%,7.43%,7.39%,8.12%,8.12%,Red,73,73% ^Elevated^,Elevated,66% ^Normal^,Normal,0.8 - 1.3,36,4.57,4.86,4.71,4.14,4.29,5.43,6.43,6.71,6.71,6.29,6.29,6,5,4.57,130,Red,143,135,130,138,133,133,136,131,128,131,134,135,135,137,143,6% ^Increasing^,Red,2.33%,Yellow,Extremely Difficult ^Resource intensive^,Red,8.1% ^Increasing^
Louisiana,Louisiana ðŸ˜·,N/A,Bruised Red,Red,3,Decreasing,-12% ^Decreasing^,-12%,157,77,50,50%,F,71,C,1449857,354%,124461,1321,1453,1425,1490,1621,1931,1842,1929,1968,1997,2060,1993,1684,1941,2152,2077,2175,2177,2163,2163,2267,2146,2065,1917,1833,1792,1792,1739,1561,1918,4051,Improve COVID case information being reported on state website.  Consider a more restrictive gatherings policy.  Close non-essential businesses.  Restrict or quarantine travelers from locations with community transmission.  Require masks to be worn in public spaces.  Provide insurance coverage for COVID-19 treatment.,Low ^Level 5^,Green,24793,20930,21672,21533,22255,22255,23423,22443,21906,20319,20360,20360,20360,20882,19127,24793,354%,Green,44%,39.00%,63280,Bruised Red,7.70%,7.7% ^Decreasing^,43,10.03%,10.11%,9.72%,9.72%,9.68%,9.56%,9.43%,9.43%,9.00%,8.80%,8.80%,8.33%,8.16%,7.73%,7.73%,Red,73,73% ^Elevated^,Elevated,65% ^Normal^,Normal,0.7 - 1.1,43,29.86,28.71,29.43,29.43,31.43,30.57,29.14,30.43,34.14,33.43,33.43,34.86,34,34.14,412,Bruised Red,320,340,341,344,344,335,344,341,332,328,333,333,330,322,320,-6% ^Decreasing^,Green,3.25%,Yellow,Extremely Difficult ^Resource intensive^,Red,7.7% ^Decreasing^
Maine,Maine ðŸ˜·,N/A,Green,Green,0,Decreasing,-6% ^Decreasing^,-6%,154,92,60,60%,F,84,B,175761,118%,3975,29,27,24,23,18,18,18,19,18,17,16,20,18,21,22,22,21,20,17,21,18,17,16,20,22,22,21,21,20,20,123,Improve COVID case information being reported on state website.  Consider a more restrictive gatherings policy.  Require masks to be worn in public spaces.  Provide insurance coverage for COVID-19 treatment.,Minimal ^Level 1^,Green,2380,2395,2441,2459,2454,2635,2554,2603,2408,2437,2447,2364,2339,2394,2386,2380,118%,Green,15%,118.00%,2025,Green,0.80%,0.8% ^Flat^,138,0.85%,0.81%,0.70%,0.78%,0.71%,0.66%,0.68%,0.84%,0.88%,0.94%,0.90%,0.86%,0.83%,0.82%,0.82%,Green,54,54% ^Normal^,Normal,62% ^Normal^,Normal,0.8 - 1.2,138,0.57,0.57,0.43,0.29,0.29,0.29,0.43,0.43,0.57,0.71,0.57,0.57,0.71,0.29,15,Green,9,7,9,9,8,10,10,9,8,8,9,7,9,9,9,20% ^Increasing^,Red,3.09%,Yellow,Possible ^Positivity low^,Green,0.8% ^Flat^
Maryland,Maryland ðŸ˜·,N/A,Bruised Red,Red,3,Increasing,23% ^Increasing^,23%,160,92,60,60%,F,84,B,972346,163%,91854,379,405,420,432,421,447,497,518,552,594,602,637,677,717,737,755,737,739,771,835,802,884,854,873,906,940,902,932,895,904,3530,Improve COVID case information being reported on state website.  Consider a more restrictive gatherings policy.  Require masks to be worn in public spaces.  Provide insurance coverage for COVID-19 treatment.,Minimal ^Level 1^,Green,14870,14043,14678,13787,13733,14906,14112,15177,14841,13732,14989,15263,14861,15173,15017,14870,163%,Green,20%,50.00%,29841,Bruised Red,6.10%,6.1% ^Increasing^,68,5.02%,5.36%,5.61%,5.60%,5.69%,5.83%,5.76%,6.36%,6.04%,6.16%,6.07%,6.14%,5.96%,6.08%,6.08%,Yellow,68,68% ^Normal^,Normal,76% ^Elevated^,Elevated,0.8 - 1.2,68,9.14,8.86,9,9.29,9,9.29,8,10.43,11.29,10.14,10.43,10.71,10.86,10.29,150,Red,90,84,87,88,90,89,89,90,94,97,98,98,91,91,90,8% ^Increasing^,Red,3.84%,Yellow,Extremely Difficult ^Resource intensive^,Red,6.1% ^Increasing^
Massachusetts,Massachusetts ðŸ˜·,N/A,Yellow,Red,1,Increasing,53% ^Increasing^,53%,153,94,61,61%,D,86,B,1242276,138%,119203,196,208,208,223,212,223,232,241,256,249,241,253,263,277,280,272,282,248,253,290,300,305,307,338,397,424,335,403,390,432,8657,Improve COVID case information being reported on state website.  Consider a more restrictive gatherings policy.  Require masks to be worn in public spaces.,Minimal ^Level 1^,Green,14451,11567,11621,9768,10238,12007,11461,11411,11705,12394,14156,14597,11078,13397,13671,14451,138%,Green,17%,101.00%,14242,Green,3.00%,3.0% ^Increasing^,189,2.43%,2.54%,2.47%,2.42%,2.62%,2.68%,2.62%,2.72%,2.80%,2.90%,3.02%,3.01%,2.85%,2.99%,2.99%,Yellow,47,47% ^Normal^,Normal,67% ^Normal^,Normal,0.8 - 1.3,189,14.29,12.57,11.71,13,14,14.71,14.43,16,18.14,17.86,14.14,15.57,16,15.14,62,Yellow,51,77,77,51,53,52,50,52,56,53,50,50,58,54,51,-33% ^Decreasing^,Green,7.26%,Red,Possible ^Positivity low^,Green,3.0% ^Increasing^
Michigan,Michigan ðŸ˜·,N/A,Yellow,Red,1,Increasing,8% ^Increasing^,8%,164,97,63,63%,D,89,B,1954415,215%,93175,435,453,495,484,501,541,548,561,566,623,682,701,710,727,742,742,688,656,640,533,685,683,700,749,764,786,894,729,743,745,6471,Improve COVID case information being reported on state website.  Restrict or quarantine travelers from locations with community transmission.  Require masks to be worn in public spaces.  Provide insurance coverage for COVID-19 treatment.,Minimal ^Level 1^,Green,32362,27941,27385,27367,27020,22653,26612,27671,28358,33374,32351,32829,37455,33014,32333,32362,215%,Green,27%,132.00%,24594,Green,2.30%,2.3% ^Decreasing^,84,2.51%,2.40%,2.37%,2.35%,2.57%,2.47%,2.47%,2.24%,2.36%,2.39%,2.39%,2.21%,2.30%,2.30%,2.30%,Yellow,65,65% ^Normal^,Normal,68% ^Normal^,Normal,0.7 - 1.2,84,8.29,6.71,6.43,5.14,4.86,4.57,5.57,4.86,6.86,7.14,8.14,8.14,8.29,7.14,75,Yellow,69,68,68,75,75,68,67,67,67,73,73,73,73,69,69,2% ^Increasing^,Red,6.94%,Red,Possible ^Positivity low^,Green,2.3% ^Decreasing^
Minnesota,Minnesota ðŸ˜·,N/A,Bruised Red,Red,3,Increasing,16% ^Increasing^,16%,159,89,58,58%,F,82,B,878111,120%,57162,387,404,410,422,449,564,592,600,577,593,598,607,557,560,619,612,603,625,639,689,707,671,689,712,710,711,700,685,680,697,1660,Improve COVID case information being reported on state website.  Restrict or quarantine travelers from locations with community transmission.  Increase your state's testing throughput.  Require masks to be worn in public spaces.,Minimal ^Level 1^,Green,10236,14178,14008,14300,14766,14962,14884,14759,14733,14934,14652,12144,11300,10642,10687,10236,120%,Green,15%,44.00%,23010,Bruised Red,6.80%,6.8% ^Increasing^,54,4.30%,4.37%,4.33%,4.60%,4.75%,4.55%,4.68%,4.77%,4.85%,5.85%,6.19%,6.44%,6.36%,6.81%,6.81%,Yellow,63,63% ^Normal^,Normal,63% ^Normal^,Normal,0.8 - 1.3,54,4.86,5,4.71,4.71,4.71,4.43,4.57,5.29,4.71,4.86,5,5.71,5.71,5.71,124,Red,58,48,50,49,51,48,46,52,55,53,55,56,54,54,58,20% ^Increasing^,Red,2.90%,Yellow,Extremely Difficult ^Resource intensive^,Red,6.8% ^Increasing^
Mississippi,Mississippi,N/A,Bruised Red,Red,3,Decreasing,-7% ^Decreasing^,-7%,154,78,51,51%,F,72,C,463791,98%,62199,670,710,713,689,836,678,770,775,761,811,887,887,918,907,1030,1140,1215,1179,1262,1322,1381,1295,1254,1248,1361,1298,1255,1178,1167,1129,1753,Improve COVID case information being reported on state website.  Consider a more restrictive gatherings policy.  Restrict or quarantine travelers from locations with community transmission.  Increase your state's testing throughput.  Require masks to be worn in public spaces.  Provide insurance coverage for COVID-19 treatment.,Minimal ^Level 1^,Green,4380,6426,6596,5730,5717,6372,6431,5375,5419,5753,6553,6146,5655,5579,5017,4380,98%,Yellow,12%,12.00%,37243,Bruised Red,25.80%,25.8% ^Increasing^,36,18.42%,20.58%,22.08%,20.74%,21.47%,24.10%,23.13%,21.68%,20.77%,21.11%,22.19%,21.12%,23.26%,25.77%,25.77%,Bruised Red,100,100% ^Severely constrained^,Severely constrained,62% ^Normal^,Normal,0.8 - 1.3,36,19,18.29,18.71,19.14,20,20.43,22,20,25,28.57,30.43,29.71,30,30,379,Bruised Red,391,391,406,409,394,394,396,398,407,418,413,394,394,394,391,0% ^Decreasing^,Green,2.82%,Yellow,Unlikely ^Positivity high^,Deep Red,25.8% ^Increasing^
Missouri,Missouri,N/A,Bruised Red,Red,3,Increasing,46% ^Increasing^,46%,158,82,53,53%,F,75,C,721523,106%,54080,402,440,468,531,453,560,572,576,600,644,632,756,731,807,819,848,907,1040,1152,1209,1262,1347,1437,1527,1591,1567,1507,1416,1405,1322,1266,Improve COVID case information being reported on state website.  Consider a more restrictive gatherings policy.  Restrict or quarantine travelers from locations with community transmission.  Require masks to be worn in public spaces.  Provide insurance coverage for COVID-19 treatment.,Minimal ^Level 1^,Green,9800,10745,10216,10569,10674,9835,9696,9999,10372,10206,10264,10594,11003,10788,10149,9800,106%,Green,13%,22.00%,43640,Bruised Red,13.50%,13.5% ^Increasing^,26,8.88%,9.84%,10.79%,12.29%,13.01%,13.47%,13.86%,14.96%,15.50%,14.79%,13.70%,13.13%,13.85%,13.49%,13.49%,Bruised Red,57,57% ^Normal^,Normal,57% ^Normal^,Normal,0.9 - 1.4,26,8.14,9.43,8.14,7.43,9.71,9.86,10,8.71,7.71,9.29,10.14,8,7.71,7.57,215,Bruised Red,145,143,143,172,172,172,172,130,130,132,142,132,145,145,145,2% ^Increasing^,Red,2.34%,Yellow,Unlikely ^Positivity high^,Deep Red,13.5% ^Increasing^
Montana,Montana ðŸ˜·,N/A,Red,Red,2,Increasing,17% ^Increasing^,17%,154,107,69,69%,D,98,A,181236,176%,4314,47,51,51,55,66,73,78,85,89,104,109,110,113,111,111,109,102,97,96,113,116,109,109,123,129,132,117,122,122,120,64,Improve COVID case information being reported on state website.  Require masks to be worn in public spaces.  Provide insurance coverage for COVID-19 treatment.,Minimal ^Level 1^,Green,2833,2801,2823,2625,2685,2734,2737,2802,2915,3120,3200,2967,2934,3140,2979,2833,176%,Green,22%,72.00%,3955,Red,4.20%,4.2% ^Increasing^,22,3.63%,3.69%,3.58%,4.12%,4.22%,3.87%,3.74%,3.95%,4.04%,4.46%,4.00%,3.87%,4.09%,4.23%,4.23%,Yellow,63,63% ^Normal^,Normal,73% ^Elevated^,Elevated,0.8 - 1.3,22,1.14,1.14,1.29,1.29,1.29,1.14,1.57,1.71,1.71,2,2.14,2.14,2.43,1.86,112,Red,65,49,51,52,55,58,57,58,55,65,66,66,67,65,65,35% ^Increasing^,Red,1.48%,Yellow,Difficult ^Positivity makes it challenging^,Yellow,4.2% ^Increasing^
Nebraska,Nebraska,N/A,Bruised Red,Red,3,Increasing,40% ^Increasing^,40%,159,42,27,27%,F,39,F,283859,112%,26956,147,143,146,159,167,160,167,178,193,217,222,216,226,212,202,207,210,215,241,259,273,291,293,281,277,278,291,285,298,294,332,Improve COVID case information being reported on state website.  Consider a more restrictive stay home policy.  Require a statewide six-feet physical distancing policy.  Consider a more restrictive gatherings policy.  Close non-essential businesses.  Restrict or quarantine travelers from locations with community transmission.  Require masks to be worn in public spaces.  Provide insurance coverage for COVID-19 treatment.,Minimal ^Level 1^,Green,3251,3172,3268,3192,3268,3065,3295,3419,3237,3059,3046,3126,3236,3111,3183,3251,112%,Green,14%,34.00%,9697,Bruised Red,9.00%,9.0% ^Increasing^,61,6.44%,6.74%,7.36%,8.45%,8.30%,8.50%,9.05%,9.19%,9.08%,8.90%,8.99%,9.16%,9.35%,9.04%,9.04%,Red,50,50% ^Normal^,Normal,63% ^Normal^,Normal,0.9 - 1.3,61,3.43,2.86,2.43,2.14,2.14,2.14,1.57,1.57,1.86,1.71,2.29,2.29,2.29,2.14,152,Bruised Red,79,61,65,65,63,53,56,60,63,71,78,79,73,74,79,29% ^Increasing^,Red,1.23%,Yellow,Extremely Difficult ^Resource intensive^,Red,9.0% ^Increasing^
Nevada,Nevada ðŸ˜·,N/A,Bruised Red,Red,3,Decreasing,-12% ^Decreasing^,-12%,155,82,53,53%,F,75,C,489087,118%,52179,716,761,743,739,741,752,752,801,833,881,1002,1055,1091,1155,1171,1130,1170,1143,1084,1048,1011,1017,1058,1021,986,1029,1037,1052,1053,1035,862,Improve COVID case information being reported on state website.  Consider a more restrictive gatherings policy.  Restrict or quarantine travelers from locations with community transmission.  Require masks to be worn in public spaces.  Provide insurance coverage for COVID-19 treatment.,Minimal ^Level 1^,Green,5457,5520,5698,6185,6409,6855,7020,7037,7438,7582,7073,6862,6243,6170,5741,5457,118%,Green,15%,16.00%,34146,Bruised Red,19.00%,19.0% ^Decreasing^,32,20.53%,18.49%,16.92%,15.29%,14.40%,14.45%,14.23%,13.47%,13.95%,15.00%,16.61%,17.05%,18.33%,18.96%,18.96%,Bruised Red,79,79% ^Elevated^,Elevated,73% ^Elevated^,Elevated,0.9 - 1.3,32,12.29,11.86,12.14,12.29,12.43,13,11.86,10.86,13.14,15.43,14.29,14,15.43,14.71,336,Bruised Red,372,358,369,377,372,372,361,372,360,372,376,378,378,374,372,4% ^Increasing^,Red,1.65%,Yellow,Unlikely ^Positivity high^,Deep Red,19.0% ^Decreasing^
New Hampshire,New Hampshire,N/A,Yellow,Yellow,1,Decreasing,-6% ^Decreasing^,-6%,158,80,52,52%,F,73,C,164836,61%,6660,20,22,21,21,22,19,24,22,22,23,23,27,25,26,21,26,24,26,22,36,33,33,36,34,31,32,28,25,28,23,417,Improve COVID case information being reported on state website.  Require a statewide six-feet physical distancing policy.  Consider a more restrictive gatherings policy.  Restrict or quarantine travelers from locations with community transmission.  Increase your state's testing throughput.  Require masks to be worn in public spaces.  Provide insurance coverage for COVID-19 treatment.,Minimal ^Level 1^,Green,1250,1256,1204,1230,1144,1501,1462,1462,1609,1506,1503,1217,1239,1050,1288,1250,61%,Red,8%,61.00%,2049,Red,1.80%,1.8% ^Decreasing^,200,2.03%,2.11%,1.91%,2.38%,2.28%,2.28%,2.23%,2.26%,2.07%,2.65%,2.28%,2.41%,2.20%,1.83%,1.83%,Green,56,56% ^Normal^,Normal,66% ^Normal^,Normal,0.8 - 1.3,200,1.14,1.14,1.43,2,1.57,1.57,1.57,1.29,1.29,1.43,1,1,1.14,1.14,17,Green,17,17,18,19,20,15,15,15,15,16,15,16,16,18,17,0% ^Decreasing^,Green,6.26%,Red,Possible ^Positivity low^,Green,1.8% ^Decreasing^
New Jersey,New Jersey ðŸ˜·,N/A,Yellow,Red,1,Increasing,96% ^Increasing^,96%,159,102,66,66%,D,94,A,2164936,193%,182970,334,316,302,269,269,275,271,273,291,320,323,275,265,212,206,192,195,198,256,292,369,407,434,446,440,474,453,427,400,382,15857,Improve COVID case information being reported on state website.  Restrict or quarantine travelers from locations with community transmission.  Require masks to be worn in public spaces.  Provide insurance coverage for COVID-19 treatment.,Minimal ^Level 1^,Green,25805,13818,14083,14248,16959,15244,23165,25852,23764,28822,28561,29812,29792,27513,25820,25805,193%,Green,24%,193.00%,13382,Green,1.50%,1.5% ^Increasing^,329,1.39%,1.39%,1.51%,1.92%,1.59%,1.57%,1.83%,1.55%,1.54%,1.59%,1.52%,1.55%,1.55%,1.48%,1.48%,Green,54,54% ^Normal^,Normal,70% ^Elevated^,Elevated,0.7 - 1.1,329,14.29,9.29,11.57,11,11.57,12.71,12.57,13,11.29,7.71,7.71,7,6,4.57,43,Yellow,53,98,98,90,94,82,78,81,86,85,78,78,78,83,53,-46% ^Decreasing^,Green,8.67%,Red,Possible ^Positivity low^,Green,1.5% ^Increasing^
New Mexico,New Mexico ðŸ˜·,N/A,Red,Yellow,2,Decreasing,-19% ^Decreasing^,-19%,155,109,71,71%,C,100,A+,577810,221%,21130,207,218,226,249,247,253,244,253,255,255,261,270,272,280,278,275,286,284,289,288,293,296,327,325,330,318,304,287,282,233,655,Improve COVID case information being reported on state website.  Require masks to be worn in public spaces.,Minimal ^Level 1^,Green,6989,7449,7361,7476,7660,7554,7394,7358,7485,7903,7897,7807,7548,7637,7648,6989,221%,Green,28%,91.00%,7675,Yellow,3.30%,3.3% ^Decreasing^,61,3.89%,3.80%,3.78%,3.82%,3.96%,4.02%,4.37%,4.11%,4.18%,4.07%,4.02%,3.76%,3.69%,3.33%,3.33%,Yellow,55,55% ^Normal^,Normal,67% ^Normal^,Normal,0.7 - 1.1,61,5.29,4.86,4.86,5.14,5.43,6.14,5.86,5.43,5.86,5.57,5.86,6.29,5.71,5.14,111,Red,62,73,85,80,77,71,69,76,76,75,74,72,64,61,62,-15% ^Decreasing^,Green,3.10%,Yellow,Difficult ^Positivity makes it challenging^,Yellow,3.3% ^Decreasing^
New York,New York ðŸ˜·,N/A,Green,Green,0,Flat,-3% ^Flat^,-3%,161,97,63,63%,D,89,B,6153767,229%,417589,674,683,693,651,632,633,654,659,705,725,752,750,754,729,723,715,697,703,700,699,704,717,671,672,668,652,652,652,643,673,25175,Improve COVID case information being reported on state website.  Require a statewide six-feet physical distancing policy.  Restrict or quarantine travelers from locations with community transmission.  Require masks to be worn in public spaces.  Provide insurance coverage for COVID-19 treatment.,Minimal ^Level 1^,Green,67032,63722,64302,63875,63628,63864,64916,66048,64795,64026,64576,63485,65095,65865,65089,67032,229%,Green,29%,229.00%,29309,Green,1.00%,1.0% ^Decreasing^,428,1.08%,1.10%,1.10%,1.09%,1.08%,1.09%,1.04%,1.05%,1.03%,1.03%,1.00%,0.99%,0.99%,1.00%,1.00%,Green,51,51% ^Normal^,Normal,67% ^Normal^,Normal,0.7 - 1.1,428,9.29,9.57,9.43,9.71,8.29,8.71,9.71,9.14,9.14,8.57,8.71,9.14,7.86,7,35,Green,29,37,36,33,33,33,33,33,32,30,30,30,29,28,29,-20% ^Decreasing^,Green,6.03%,Red,Possible ^Positivity low^,Green,1.0% ^Decreasing^
North Carolina,North Carolina ðŸ˜·,N/A,Bruised Red,Red,3,Decreasing,-12% ^Decreasing^,-12%,160,87,56,56%,F,80,B,1854026,172%,128161,1578,1601,1542,1601,1584,1734,1817,1857,1944,1994,2011,2021,2024,2011,1931,1911,1962,1924,1931,1876,1848,1899,1889,1836,1900,1879,1827,1787,1742,1725,2010,Improve COVID case information being reported on state website.  Consider a more restrictive gatherings policy.  Restrict or quarantine travelers from locations with community transmission.  Require masks to be worn in public spaces.  Provide insurance coverage for COVID-19 treatment.,Minimal ^Level 1^,Green,27212,29164,29598,30131,29475,28557,31217,30227,29220,28516,28750,29544,29624,28589,28848,27212,172%,Green,22%,48.00%,56920,Bruised Red,6.30%,6.3% ^Flat^,49,6.63%,6.38%,6.55%,6.57%,5.92%,6.28%,6.47%,6.44%,6.61%,6.36%,6.17%,6.25%,6.04%,6.34%,6.34%,Yellow,70,70% ^Normal^,Normal,73% ^Elevated^,Elevated,0.7 - 1.1,49,18.57,19.71,20,21.29,21.57,21.14,21.71,23.86,25.29,25.43,26.57,26.29,27.43,27.14,164,Bruised Red,111,108,113,113,111,112,111,119,123,118,117,110,109,101,111,3% ^Increasing^,Red,1.57%,Yellow,Extremely Difficult ^Resource intensive^,Red,6.3% ^Flat^
North Dakota,North Dakota,N/A,Bruised Red,Yellow,3,Flat,-1% ^Flat^,-1%,154,52,34,34%,F,48,F,160470,130%,6933,44,46,51,59,62,66,74,85,85,85,85,91,95,98,98,102,115,118,117,118,122,123,133,123,115,122,124,104,114,113,96,Improve COVID case information being reported on state website.  Consider a more restrictive stay home policy.  Require a statewide six-feet physical distancing policy.  Consider a more restrictive gatherings policy.  Close non-essential businesses.  Require masks to be worn in public spaces.  Provide insurance coverage for COVID-19 treatment.,Minimal ^Level 1^,Green,1489,1751,1815,1823,1890,1821,1804,1770,1822,1688,1578,1608,1704,1387,1484,1489,130%,Green,16%,40.00%,3734,Bruised Red,7.60%,7.6% ^Increasing^,40,6.31%,6.47%,6.21%,6.50%,6.79%,6.94%,7.32%,7.28%,7.32%,7.60%,7.26%,7.48%,7.69%,7.60%,7.60%,Red,53,53% ^Normal^,Normal,65% ^Normal^,Normal,0.8 - 1.3,40,1,0.86,0.86,1.29,1.29,1.29,1.14,0.57,1,1,0.57,0.57,0.57,0.57,148,Red,67,68,75,49,51,55,56,46,51,56,62,59,59,60,67,-2% ^Decreasing^,Green,1.38%,Yellow,Extremely Difficult ^Resource intensive^,Red,7.6% ^Increasing^
Ohio,Ohio ðŸ˜·,N/A,Red,Yellow,2,Decreasing,-9% ^Decreasing^,-9%,157,107,69,69%,D,98,A,1555812,127%,95106,987,1016,1045,1024,1086,1147,1206,1271,1299,1304,1324,1346,1373,1334,1331,1317,1347,1369,1352,1337,1306,1287,1326,1307,1349,1345,1272,1280,1255,1230,3570,Improve COVID case information being reported on state website.  Require masks to be worn in public spaces.  Provide insurance coverage for COVID-19 treatment.,Minimal ^Level 1^,Green,22440,22325,22710,22319,21643,22198,23360,23169,28387,28463,28778,28672,28440,27302,27349,22440,127%,Green,16%,55.00%,40585,Red,5.50%,5.5% ^Decreasing^,51,5.93%,6.14%,6.25%,6.02%,5.59%,5.55%,4.67%,4.59%,4.69%,4.69%,4.47%,4.69%,4.59%,5.48%,5.48%,Yellow,58,58% ^Normal^,Normal,64% ^Normal^,Normal,0.7 - 1.1,51,22.86,21.86,26.43,23.57,19,22.14,23.29,26.71,26.57,27.43,31.14,31.71,27.86,26.86,105,Red,89,94,95,93,90,92,95,98,94,90,88,90,90,86,89,-5% ^Decreasing^,Green,3.75%,Yellow,Extremely Difficult ^Resource intensive^,Red,5.5% ^Decreasing^
Oklahoma,Oklahoma,N/A,Bruised Red,Red,3,Increasing,27% ^Increasing^,27%,156,65,42,42%,F,60,D,657276,163%,39463,456,495,540,565,575,591,615,626,645,703,706,721,754,719,670,655,641,647,711,718,860,1036,1064,1046,1110,1053,1093,991,845,813,566,Improve COVID case information being reported on state website.  Consider a more restrictive stay home policy.  Require a statewide six-feet physical distancing policy.  Consider a more restrictive gatherings policy.  Close restaurants except for takeout and delivery.  Require masks to be worn in public spaces.  Provide insurance coverage for COVID-19 treatment.,Minimal ^Level 1^,Green,9736,8156,8325,8051,8285,12854,12996,13172,12963,14416,14549,14648,10212,10110,9964,9736,163%,Green,20%,36.00%,26815,Bruised Red,8.40%,8.3% ^Increasing^,31,7.70%,8.03%,8.58%,5.58%,6.62%,7.87%,8.21%,7.26%,7.63%,7.19%,10.70%,9.81%,8.48%,8.35%,8.35%,Red,64,64% ^Normal^,Normal,59% ^Normal^,Normal,0.7 - 1.2,31,6,5.57,5.57,6.43,6.43,6.29,6.86,7,8.43,8.14,7.57,7.71,7.86,8.14,205,Bruised Red,127,159,153,159,158,158,158,151,168,164,157,159,159,159,127,-20% ^Decreasing^,Green,1.43%,Yellow,Extremely Difficult ^Resource intensive^,Red,8.3% ^Increasing^
Oregon,Oregon ðŸ˜·,N/A,Bruised Red,Yellow,3,Flat,-1% ^Flat^,-1%,159,88,57,57%,F,81,B,419914,73%,19699,273,278,269,271,260,274,277,292,314,323,332,335,328,344,344,333,330,315,329,335,311,320,325,333,345,341,332,334,325,326,333,Improve COVID case information being reported on state website.  Close non-essential businesses.  Restrict or quarantine travelers from locations with community transmission.  Increase your state's testing throughput.  Require masks to be worn in public spaces.  Provide insurance coverage for COVID-19 treatment.,Minimal ^Level 1^,Green,4608,5687,5858,5649,6053,6174,6126,6075,6056,5909,5735,5375,5087,5026,4938,4608,73%,Red,9%,43.00%,10763,Bruised Red,7.10%,7.1% ^Increasing^,39,5.64%,5.57%,5.43%,5.42%,5.08%,5.27%,5.37%,5.63%,6.02%,6.35%,6.53%,6.65%,6.59%,7.08%,7.08%,Red,59,59% ^Normal^,Normal,69% ^Normal^,Normal,0.8 - 1.2,39,3.14,3.43,4,4.14,4.14,3.86,4.86,6,6.14,5.71,5.57,5.29,5.57,4.29,77,Yellow,52,55,53,55,55,55,56,55,56,54,49,49,49,51,52,-5% ^Decreasing^,Green,1.69%,Yellow,Extremely Difficult ^Resource intensive^,Red,7.1% ^Increasing^
Pennsylvania,Pennsylvania ðŸ˜·,N/A,Red,Yellow,2,Flat,-2% ^Flat^,-2%,159,95,62,62%,D,87,B,1271529,76%,115009,617,670,701,685,734,759,773,777,767,788,797,800,793,823,857,871,819,845,870,912,914,932,946,975,960,925,902,881,842,804,7232,Improve COVID case information being reported on state website.  Restrict or quarantine travelers from locations with community transmission.  Increase your state's testing throughput.  Require masks to be worn in public spaces.  Provide insurance coverage for COVID-19 treatment.,Minimal ^Level 1^,Green,14624,15497,14690,14568,15080,15800,15546,15825,16200,16086,16331,15989,15570,15481,15126,14624,76%,Yellow,9%,55.00%,26518,Red,5.50%,5.5% ^Flat^,97,5.57%,5.80%,5.77%,5.77%,5.88%,5.89%,5.84%,6.06%,5.88%,5.79%,5.79%,5.69%,5.56%,5.49%,5.49%,Yellow,73,73% ^Elevated^,Elevated,69% ^Normal^,Normal,0.8 - 1.2,97,15.14,15.14,15.57,15.29,14.71,14.86,15.43,14.14,13.86,12.57,12.86,13,12.43,12.29,63,Yellow,51,57,57,57,55,55,55,56,59,59,41,45,44,46,51,-11% ^Decreasing^,Green,6.29%,Red,Extremely Difficult ^Resource intensive^,Red,5.5% ^Flat^
Rhode Island,Rhode Island ðŸ˜·,N/A,Red,Red,2,Increasing,58% ^Increasing^,58%,161,96,62,62%,D,88,B,211953,98%,19390,42,42,33,30,36,33,29,46,55,62,67,69,69,69,60,57,60,62,62,62,62,87,106,105,115,114,114,114,104,95,1011,Improve COVID case information being reported on state website.  Consider a more restrictive gatherings policy.  Increase your state's testing throughput.  Require masks to be worn in public spaces.  Provide insurance coverage for COVID-19 treatment.,Minimal ^Level 1^,Green,1570,1472,1569,1707,1547,1547,1547,1856,2285,2230,2169,2284,2284,2284,1921,1570,98%,Yellow,12%,50.00%,3135,Red,6.10%,6.0% ^Increasing^,139,3.84%,3.66%,3.98%,3.98%,3.98%,4.70%,4.62%,4.73%,5.28%,4.99%,4.99%,4.99%,5.44%,6.05%,6.05%,Yellow,94,94% ^Severely constrained^,Severely constrained,86% ^Constrained^,Constrained,0.9 - 1.3,139,1.43,1.86,1.71,1.71,1.71,1.29,1.29,1.43,0.86,0.71,0.71,0.71,0.86,0.86,90,Red,76,63,63,62,62,62,67,64,70,73,72,72,72,76,76,19% ^Increasing^,Red,5.21%,Red,Extremely Difficult ^Resource intensive^,Red,6.0% ^Increasing^
South Carolina,South Carolina,N/A,Bruised Red,Red,3,Decreasing,-21% ^Decreasing^,-21%,159,97,63,63%,D,89,B,740457,129%,94190,1677,1565,1570,1570,1555,1616,1686,1684,1862,1905,1913,1949,1845,1905,1897,1850,1828,1789,1792,1771,1602,1567,1539,1543,1567,1487,1513,1513,1505,1440,1847,Improve COVID case information being reported on state website.  Restrict or quarantine travelers from locations with community transmission.  Require masks to be worn in public spaces.  Provide insurance coverage for COVID-19 treatment.,Minimal ^Level 3^,Green,10018,11602,11882,11216,10857,10928,10061,10084,10234,10261,10417,9066,10483,10635,10396,10018,129%,Green,16%,21.00%,47525,Bruised Red,14.40%,14.4% ^Decreasing^,43,15.39%,15.95%,16.51%,16.20%,15.92%,15.54%,15.04%,15.04%,15.04%,16.40%,14.43%,14.22%,14.47%,14.38%,14.38%,Bruised Red,75,75% ^Elevated^,Elevated,72% ^Elevated^,Elevated,0.7 - 1.1,43,41,37.71,41.29,47.14,48,48.86,49.14,47.14,47.57,46.71,40.86,40.86,41,40.29,280,Bruised Red,283,312,335,324,324,324,324,306,310,304,294,282,277,272,283,-9% ^Decreasing^,Green,1.96%,Yellow,Unlikely ^Positivity high^,Deep Red,14.4% ^Decreasing^
South Dakota,South Dakota,N/A,Bruised Red,Red,3,Increasing,38% ^Increasing^,38%,155,35,23,23%,F,32,F,115381,85%,9079,56,57,59,63,60,61,62,60,58,59,51,55,58,58,60,64,61,64,59,63,70,72,68,81,77,81,80,80,82,84,136,Improve COVID case information being reported on state website.  Consider a more restrictive stay home policy.  Require a statewide six-feet physical distancing policy.  Consider a more restrictive gatherings policy.  Close non-essential businesses.  Close restaurants except for takeout and delivery.  Restrict or quarantine travelers from locations with community transmission.  Increase your state's testing throughput.  Require masks to be worn in public spaces.  Provide insurance coverage for COVID-19 treatment.,Minimal ^Level 1^,Green,1127,1097,1074,1214,1074,1238,1263,1182,1106,1251,1130,1178,1017,1018,1117,1127,85%,Yellow,11%,41.00%,2767,Bruised Red,7.50%,7.4% ^Increasing^,73,5.66%,5.28%,5.47%,5.11%,5.53%,6.06%,6.11%,6.44%,6.85%,6.84%,7.90%,7.86%,7.36%,7.44%,7.44%,Red,46,46% ^Normal^,Normal,48% ^Normal^,Normal,0.9 - 1.3,73,1.14,0.86,0.86,0.86,0.71,0.71,0.71,1.43,1.14,1.14,1.71,1.71,1.71,1.86,95,Red,47,63,57,51,52,54,53,55,52,50,35,41,40,44,47,-25% ^Decreasing^,Green,1.50%,Yellow,Extremely Difficult ^Resource intensive^,Red,7.4% ^Increasing^
Tennessee,Tennessee,N/A,Bruised Red,Red,3,Flat,4% ^Flat^,4%,158,82,53,53%,F,75,C,1592650,251%,112441,1408,1429,1524,1529,1548,1552,1504,1874,1896,1868,1993,2039,2190,2308,2069,2165,2194,2207,2180,2066,2260,2391,2078,2344,2269,2412,2484,2242,2021,2279,1117,Improve COVID case information being reported on state website.  Consider a more restrictive gatherings policy.  Restrict or quarantine travelers from locations with community transmission.  Require masks to be worn in public spaces.  Provide insurance coverage for COVID-19 treatment.,Minimal ^Level 1^,Green,25885,23764,23736,24613,24563,22675,26508,28041,24746,27487,26404,27256,30068,25635,23297,25885,251%,Green,31%,34.00%,75202,Bruised Red,8.80%,8.8% ^Flat^,32,9.24%,8.97%,8.87%,9.11%,8.53%,8.53%,8.40%,8.53%,8.59%,8.85%,8.26%,8.74%,8.67%,8.80%,8.80%,Red,79,79% ^Elevated^,Elevated,65% ^Normal^,Normal,0.8 - 1.2,32,15,18.43,17.57,18,17.71,18.71,15.29,18.86,15.43,17.43,14.71,15.14,16.29,19.86,333,Bruised Red,210,212,214,214,207,192,194,208,207,218,219,212,186,194,210,-1% ^Decreasing^,Green,0.99%,Green,Extremely Difficult ^Resource intensive^,Red,8.8% ^Flat^
Texas,Texas ðŸ˜·,N/A,Bruised Red,Red,3,Decreasing,-18% ^Decreasing^,-18%,160,67,44,44%,F,61,D,3884848,133%,451181,6792,7228,7500,7767,8083,8382,9060,9108,9210,8829,8901,9637,9610,9482,9732,9526,9893,9781,8893,8302,8089,7641,7504,7384,7283,7303,7806,6976,8013,8131,7261,Improve COVID case information being reported on state website.  Consider a more restrictive stay home policy.  Consider a more restrictive gatherings policy.  Close non-essential businesses.  Require masks to be worn in public spaces.  Provide insurance coverage for COVID-19 treatment.,Minimal ^Level 1^,Green,58275,63556,65993,66400,66373,66194,62516,63475,61907,62174,63545,62546,63105,53972,57958,58275,133%,Green,17%,22.00%,268318,Bruised Red,14.00%,14.0% ^Decreasing^,36,14.99%,14.73%,13.40%,12.54%,12.94%,12.04%,12.12%,11.88%,11.46%,11.68%,12.37%,12.92%,13.83%,13.95%,13.95%,Bruised Red,80,80% ^Elevated^,Elevated,69% ^Normal^,Normal,0.7 - 1.1,36,130.86,137.14,140.29,145.71,154.29,241.86,246.57,263.14,250.43,264.57,278.86,257,186.14,197.71,280,Bruised Red,299,376,376,376,376,376,376,331,331,321,322,309,309,304,299,-20% ^Decreasing^,Green,1.61%,Yellow,Unlikely ^Positivity high^,Deep Red,14.0% ^Decreasing^
Utah,Utah,N/A,Bruised Red,Yellow,3,Decreasing,-35% ^Decreasing^,-35%,156,61,40,40%,F,56,F,544956,90%,41907,544,545,577,584,622,616,647,652,635,591,641,621,640,662,642,648,670,608,627,613,551,555,549,517,514,462,440,457,446,436,321,Improve COVID case information being reported on state website.  Consider a more restrictive stay home policy.  Consider a more restrictive gatherings policy.  Close non-essential businesses.  Increase your state's testing throughput.  Require masks to be worn in public spaces.  Provide insurance coverage for COVID-19 treatment.,Minimal ^Level 1^,Green,4350,7275,7046,6556,6609,6271,6076,5779,5581,5256,5564,4977,4732,4481,4332,4350,90%,Yellow,11%,30.00%,14388,Bruised Red,10.00%,10.0% ^Increasing^,64,9.50%,9.27%,9.49%,9.77%,9.07%,9.60%,9.84%,9.83%,9.24%,9.28%,9.30%,10.21%,10.29%,10.02%,10.02%,Bruised Red,59,59% ^Normal^,Normal,53% ^Normal^,Normal,0.8 - 1.2,64,3.86,4.71,5.43,4.43,4.43,4.86,5,4.57,4.71,4.43,5.14,5.29,4.71,5,136,Red,69,73,78,78,72,78,70,73,72,74,80,84,90,79,69,-6% ^Decreasing^,Green,0.77%,Green,Unlikely ^Positivity high^,Deep Red,10.0% ^Increasing^
Vermont,Vermont ðŸ˜·,N/A,Green,Green,0,Low case count,Low case count,-46%,159,92,60,60%,F,84,B,98801,105%,1431,6,7,7,6,6,6,7,7,7,9,8,8,8,8,8,9,7,7,7,8,7,6,6,6,4,4,4,4,4,4,57,Improve COVID case information being reported on state website.  Consider a more restrictive gatherings policy.  Require masks to be worn in public spaces.  Provide insurance coverage for COVID-19 treatment.,Minimal ^Level 1^,Green,991,1046,1055,1077,1189,1196,1044,964,988,960,957,954,939,982,946,991,105%,Green,13%,105.00%,940,Green,0.40%,0.4% ^Decreasing^,265,0.65%,0.69%,0.61%,0.69%,0.68%,0.62%,0.56%,0.60%,0.45%,0.43%,0.38%,0.38%,0.38%,0.37%,0.37%,Green,54,54% ^Normal^,Normal,53% ^Normal^,Normal,0.6 - 1.1,265,0,0,0,0,0,0,0,0,0.14,0.14,0.14,0.14,0.14,0.14,6,Green,22,22,19,19,21,16,21,29,29,29,26,26,24,22,22,0% ^Decreasing^,Green,3.98%,Yellow,Possible ^Positivity low^,Green,0.4% ^Decreasing^
Virginia,Virginia ðŸ˜·,N/A,Bruised Red,Red,3,Increasing,6% ^Increasing^,6%,158,82,53,53%,F,75,C,1168038,121%,94251,559,565,596,608,648,668,703,791,815,879,920,929,942,966,962,990,981,972,990,1034,1020,1100,1089,1086,1095,1075,1027,1031,1005,1037,2244,Improve COVID case information being reported on state website.  Consider a more restrictive gatherings policy.  Restrict or quarantine travelers from locations with community transmission.  Require masks to be worn in public spaces.  Provide insurance coverage for COVID-19 treatment.,Minimal ^Level 1^,Green,15518,15606,15601,15861,16228,17249,17268,16964,17045,17510,17539,17207,16703,15969,16557,15518,121%,Green,15%,45.00%,34212,Bruised Red,6.70%,6.7% ^Increasing^,61,6.29%,6.13%,6.10%,5.99%,5.90%,6.48%,6.39%,6.20%,6.24%,6.25%,6.15%,6.45%,6.07%,6.68%,6.68%,Yellow,55,55% ^Normal^,Normal,59% ^Normal^,Normal,0.8 - 1.3,61,8.43,6.71,7.71,7.14,7.29,7.29,6.71,10.57,12.43,15.29,20,20,19.43,21.29,121,Red,147,136,143,146,141,138,141,152,158,159,156,147,137,141,147,8% ^Increasing^,Red,2.38%,Yellow,Extremely Difficult ^Resource intensive^,Red,6.7% ^Increasing^
Washington,Washington ðŸ˜·,N/A,Bruised Red,Yellow,3,Decreasing,-14% ^Decreasing^,-14%,197,96,62,62%,D,88,B,1008822,94%,58715,592,676,657,644,633,634,567,680,682,698,729,819,836,973,899,855,896,886,814,822,832,813,797,804,820,828,711,813,791,771,1600,Improve COVID case information being reported on state website.  Restrict or quarantine travelers from locations with community transmission.  Increase your state's testing throughput.  Require masks to be worn in public spaces.  Provide insurance coverage for COVID-19 treatment.,Minimal ^Level 1^,Green,10788,16869,17564,17324,16798,16618,15984,15715,15279,14864,14736,14699,12810,13979,12705,10788,94%,Yellow,12%,42.00%,25429,Bruised Red,7.10%,7.1% ^Increasing^,50,5.10%,5.11%,4.84%,4.95%,5.20%,5.17%,5.22%,5.41%,5.56%,5.63%,5.55%,5.82%,6.23%,7.14%,7.14%,Red,65,65% ^Normal^,Normal,60% ^Normal^,Normal,0.8 - 1.3,50,8.71,6.71,7.86,8.71,7.14,7.71,9.29,11.86,12.43,11.71,9.86,14,13.57,11.71,101,Red,53,51,51,51,53,53,52,51,53,52,54,54,53,53,53,2% ^Increasing^,Red,2.73%,Yellow,Extremely Difficult ^Resource intensive^,Red,7.1% ^Increasing^
West Virginia,West Virginia ðŸ˜·,N/A,Yellow,Red,1,Increasing,35% ^Increasing^,35%,148,92,60,60%,F,84,B,298439,151%,7051,82,79,111,110,122,133,135,117,135,121,119,114,117,119,126,113,93,128,130,132,131,130,139,160,125,135,131,128,131,125,124,Improve COVID case information being reported on state website.  Consider a more restrictive gatherings policy.  Require masks to be worn in public spaces.  Provide insurance coverage for COVID-19 treatment.,Minimal ^Level 1^,Green,4085,3759,3498,4557,4374,4486,4391,4436,4217,4534,3773,4402,4330,4212,4145,4085,151%,Green,19%,99.00%,4139,Yellow,3.10%,3.1% ^Increasing^,36,2.65%,2.80%,2.98%,2.95%,2.99%,2.94%,3.30%,3.53%,3.30%,3.07%,3.02%,3.03%,3.17%,3.07%,3.07%,Yellow,69,69% ^Normal^,Normal,68% ^Normal^,Normal,0.7 - 1.1,36,0.57,0.57,0.43,0.43,0.43,0.86,1.43,1.57,1.71,1.86,1.86,2,1.57,1.86,70,Yellow,62,44,49,42,45,46,47,52,55,57,60,60,62,65,62,42% ^Increasing^,Red,1.76%,Yellow,Difficult ^Positivity makes it challenging^,Yellow,3.1% ^Increasing^
Wisconsin,Wisconsin ðŸ˜·,N/A,Bruised Red,Yellow,3,Flat,-4% ^Flat^,-4%,156,97,63,63%,D,89,B,989016,159%,60171,600,586,598,629,667,696,734,736,798,827,847,853,860,867,899,927,912,933,951,945,962,944,890,915,916,887,906,901,874,872,968,Improve COVID case information being reported on state website.  Restrict or quarantine travelers from locations with community transmission.  Require masks to be worn in public spaces.  Provide insurance coverage for COVID-19 treatment.,Minimal ^Level 1^,Green,13912,11979,12102,12243,12820,13072,13340,13331,13319,13309,13596,13297,13394,13347,13379,13912,159%,Green,20%,48.00%,28790,Bruised Red,6.30%,6.3% ^Decreasing^,45,7.54%,7.62%,7.42%,7.23%,7.21%,7.08%,6.68%,6.87%,6.74%,6.67%,6.77%,6.75%,6.53%,6.27%,6.27%,Yellow,49,49% ^Normal^,Normal,58% ^Normal^,Normal,0.7 - 1.1,45,5.43,6.71,6.43,6.86,6.86,6.71,6.71,6.57,5.86,8,8,8,8,7.86,150,Red,50,29,32,54,36,28,43,42,47,51,44,48,46,50,50,76% ^Increasing^,Red,1.61%,Yellow,Extremely Difficult ^Resource intensive^,Red,6.3% ^Decreasing^
Wyoming,Wyoming,N/A,Bruised Red,Yellow,3,Flat,-3% ^Flat^,-3%,154,48,31,31%,F,44,F,55243,73%,2884,26,32,32,32,30,33,33,33,34,35,36,40,38,38,46,41,43,46,48,48,50,48,50,49,49,46,46,48,47,42,27,Improve COVID case information being reported on state website.  Consider a more restrictive stay home policy.  Require a statewide six-feet physical distancing policy.  Consider a more restrictive gatherings policy.  Close non-essential businesses.  Increase your state's testing throughput.  Require masks to be worn in public spaces.  Provide insurance coverage for COVID-19 treatment.,Minimal ^Level 1^,Green,638,591,186,674,605,605,606,604,945,1114,639,724,725,726,934,638,73%,Red,9%,46.00%,1391,Bruised Red,6.60%,6.6% ^Decreasing^,45,23.29%,6.78%,7.94%,7.98%,8.22%,7.87%,5.31%,4.36%,7.60%,6.33%,6.37%,6.55%,5.02%,6.61%,6.61%,Yellow,47,47% ^Normal^,Normal,35% ^Normal^,Normal,0.7 - 1.2,45,0.43,0.14,0.14,0.14,0.14,0.14,0.14,0.14,0.14,0.14,0.14,0.14,0.29,0.14,73,Yellow,29,22,26,24,24,24,29,26,28,31,31,31,31,33,29,31% ^Increasing^,Red,0.94%,Green,Extremely Difficult ^Resource intensive^,Red,6.6% ^Decreasing^
Puerto Rico,Puerto Rico,N/A,Bruised Red,Red,3,Increasing,31% ^Increasing^,31%,#N/A,42,27,27%,F,39,F,325296,10%,19324,191,178,173,179,208,226,248,204,201,233,245,283,298,344,350,402,380,414,407,441,440,424,414,432,443,402,476,467,480,498,237,Improve COVID case information being reported on state website.  Consider a more restrictive stay home policy.  Require a statewide six-feet physical distancing policy.  Consider a more restrictive gatherings policy.  Close non-essential businesses.  Increase your state's testing throughput.  Require masks to be worn in public spaces.  Provide insurance coverage for COVID-19 treatment.,Moderate ^Level 7^,Yellow,498,402,380,7586,7579,7613,7612,7597,7587,7604,443,402,476,467,480,498,10%,Bruised Red,1%,3.00%,16425,Bruised Red,100.00%,100.0% ^Flat^,24,100.00%,5.46%,5.37%,5.79%,5.78%,5.59%,5.46%,5.68%,100.00%,100.00%,100.00%,100.00%,100.00%,100.00%,100.00%,Bruised Red,65,65% ^Normal^,Normal,54% ^Normal^,Normal,N/A - N/A,24,2,2.29,2,3.29,3.29,3,4.14,3.71,3.71,4,3.43,4.14,4.14,4,156,Bruised Red,159,130,138,144,155,155,159,147,155,158,153,159,158,167,159,23% ^Increasing^,Red,1.23%,Yellow,Unlikely ^Positivity high^,Deep Red,100.0% ^Flat^
United States,United States,N/A,Bruised Red,Red,3,Decreasing,-11% ^Decreasing^,-11%,,,,,,,,58193172,155%,4744810,49747,50362,52002,52716,54491,55673,57840,60248,61837,62294,64028,65540,65849,66408,66196,66303,66845,66854,66564,66598,66146,65883,64824,64513,64292,63227,62490,60631,59834,59165,148814,N/A ^Not Available^,N/A ^Not Available^,Green,774448,777684,782270,782028,795378,800422,808645,815753,813622,822113,819339,814905,802928,784383,780163,774448,155%,Green,19%,40%,1952454,Bruised Red,7.60%,7.6% ^Decreasing^,,8.55%,8.55%,8.37%,8.32%,8.18%,8.08%,7.97%,7.85%,7.85%,7.76%,7.78%,7.73%,7.67%,7.64%,7.64%,Red,N/A ^Not Available^,N/A ^Not Available^,N/A ^Not Available^,N/A ^Not Available^,N/A ^Not Available^,N/A ^Not Available^,N/A,834.14,843.43,875.86,899.43,904,"1,003.57","1,015.43","1,062.57","1,094.00","1,113.00","1,132.29","1,126","1,049","1,057",178,Bruised Red,160,180,181,180,179,177,178,172,173,170,168,164,163,161,160,-11% ^Decreasing^,Green,3.14%,Yellow,Extremely Difficult ^Resource intensive^,Red,7.6% ^Decreasing^